"date","product_id","cost"
"2018-09-09","3612","1155.643200"
"2018-12-07","3399","1112.263200"
"2018-12-07","3379","806.868000"
"2018-12-17","3474","642.024000"
"2018-12-25","3431","853.718400"
"2018-12-26","3692","1061.942400"
"2018-12-27","3419","921.391200"
"2019-01-12","3481","747.871200"
"2019-01-12","3614","933.537600"
"2019-01-13","3666","904.039200"
"2019-02-02","3475","1271.901600"
"2019-03-10","3402","1934.748000"
"2019-04-02","3447","1369.072800"
"2019-04-02","3448","1369.072800"
"2019-04-11","3585","746.136000"
"2019-05-31","3366","1030.708800"
"2019-05-31","3371","1549.533600"
"2019-06-01","3415","1464.508800"
"2019-06-09","3663","1053.266400"
"2019-06-18","3421","1684.879200"
"2019-06-18","3417","1540.857600"
"2019-06-21","3400","532.706400"
"2019-08-12","3639","1454.097600"
"2019-09-03","3644","473.709600"
"2019-09-06","3634","1436.745600"
"2019-09-06","3410","900.568800"
"2019-09-10","3633","1252.814400"
"2019-09-17","3613","1282.312800"
"2019-09-19","3431","694.080000"
"2019-09-22","3593","1113.998400"
"2019-09-22","3596","983.858400"
"2019-09-22","3595","721.843200"
"2019-09-22","3604","1651.910400"
"2019-09-22","3429","636.818400"
"2019-09-22","3409","1131.350400"
"2019-09-22","3659","1035.914400"
"2019-09-22","3657","949.154400"
"2019-09-22","3408","1440.216000"
"2019-09-29","3430","867.600000"
"2019-10-03","3648","1008.151200"
"2019-10-10","3660","1110.528000"
"2019-10-16","3477","1315.281600"
"2019-10-16","3413","1063.677600"
"2019-10-22","3661","694.080000"
"2019-10-24","3440","1013.356800"
"2019-10-25","3702","1264.960800"
"2019-12-04","3705","1726.524000"
"2019-12-10","3460","1044.590400"
"2019-12-10","3508","149.227200"
"2019-12-10","3527","680.198400"
"2019-12-10","3519","397.360800"
"2019-12-10","3546","232.516800"
"2019-12-10","3433","301.924800"
"2019-12-10","3516","602.114400"
"2019-12-10","3549","176.990400"
"2019-12-10","3522","303.660000"
"2019-12-10","3510","196.077600"
"2019-12-10","3506","164.844000"
"2019-12-10","3509","171.784800"
"2019-12-10","3526","154.432800"
"2019-12-10","3545","381.744000"
"2019-12-10","3515","348.775200"
"2019-12-10","3359","470.239200"
"2019-12-10","3361","327.952800"
"2019-12-10","3506","164.844000"
"2019-12-10","3542","298.454400"
"2019-12-10","3507","144.021600"
"2019-12-10","3526","154.432800"
"2019-12-10","3510","196.077600"
"2019-12-10","3515","348.775200"
"2019-12-10","3519","397.360800"
"2019-12-10","3508","149.227200"
"2019-12-10","3509","171.784800"
"2019-12-10","3499","1908.720000"
"2019-12-10","3513","189.136800"
"2019-12-10","3545","381.744000"
"2019-12-10","3363","208.224000"
"2019-12-10","3514","381.744000"
"2019-12-10","3513","176.990400"
"2019-12-10","3507","144.021600"
"2019-12-10","3363","208.224000"
"2019-12-10","3360","275.896800"
"2019-12-10","3357","596.908800"
"2019-12-12","3500","452.887200"
"2019-12-16","3404","1164.319200"
"2019-12-17","3704","1476.655200"
"2019-12-17","3406","1199.023200"
"2019-12-20","3501","737.460000"
"2019-12-24","3478","900.568800"
"2020-01-15","3482","931.802400"
"2020-01-15","3427","584.762400"
"2020-01-16","3583","1238.932800"
"2020-01-16","3683","1124.409600"
"2020-01-17","3426","862.394400"
"2020-01-17","3483","1164.319200"
"2020-01-17","3615","1396.836000"
"2020-01-18","3615","1396.836000"
"2020-01-18","3405","1490.536800"
"2020-01-18","3685","841.572000"
"2020-01-18","3586","760.017600"
"2020-01-18","3684","838.101600"
"2020-01-23","3696","1263.225600"
"2020-01-27","3498","996.004800"
"2020-02-28","3451","754.812000"
"2020-03-03","3698","1225.051200"
"2020-03-03","3609","1108.792800"
"2020-03-03","3699","1577.296800"
"2020-03-03","3425","994.269600"
"2020-03-03","3701","1620.676800"
"2020-03-09","3586","714.902400"
"2020-03-09","3398","1015.092000"
"2020-03-09","3586","714.902400"
"2020-03-09","3389","851.983200"
"2020-03-09","3706","1405.512000"
"2020-03-09","3496","777.369600"
"2020-03-09","3617","1023.768000"
"2020-03-10","3392","1133.085600"
"2020-03-21","3631","808.603200"
"2020-03-21","3456","900.568800"
"2020-03-21","3611","659.376000"
"2020-03-21","3444","829.425600"
"2020-03-21","3632","895.363200"
"2020-03-26","3457","997.740000"
"2020-04-21","3391","2207.174400"
"2020-04-21","3393","871.070400"
"2020-04-21","3588","786.045600"
"2020-04-23","3476","1842.782400"
"2020-04-23","3462","1034.179200"
"2020-04-23","3411","678.463200"
"2020-04-24","3620","732.254400"
"2020-04-25","3645","1074.088800"
"2020-04-25","3621","484.120800"
"2020-04-25","3420","1308.340800"
"2020-05-14","3416","1077.559200"
"2020-05-14","3691","989.064000"
"2020-05-14","3403","1207.699200"
"2020-05-23","3418","2169.000000"
"2020-05-23","3404","1134.820800"
"2020-05-23","3455","865.864800"
"2020-05-23","3409","1074.088800"
"2020-05-25","3502","265.485600"
"2020-06-06","3479","534.441600"
"2020-06-06","3396","1113.998400"
"2020-06-06","3394","749.606400"
"2020-06-07","3465","843.307200"
"2020-06-10","3412","949.154400"
"2020-06-10","3588","707.961600"
"2020-06-10","3606","2309.551200"
"2020-06-10","3666","864.129600"
"2020-06-11","3464","1157.378400"
"2020-06-13","3650","1762.963200"
"2020-06-13","3404","1134.820800"
"2020-06-13","3395","909.244800"
"2020-06-14","3697","1330.898400"
"2020-06-14","3626","1766.433600"
"2020-06-14","3625","1271.901600"
"2020-06-14","3624","990.799200"
"2020-06-14","3467","1190.347200"
"2020-06-17","3586","728.784000"
"2020-06-17","3684","1212.904800"
"2020-06-17","3468","1225.051200"
"2020-06-17","3652","1134.820800"
"2020-06-17","3690","610.790400"
"2020-06-22","3694","1157.378400"
"2020-06-22","3693","983.858400"
"2020-07-02","3470","1435.010400"
"2020-07-02","3407","1330.898400"
"2020-07-02","3472","3335.054400"
"2020-07-02","3473","2988.014400"
"2020-07-02","3471","1782.050400"
"2020-07-06","3445","947.419200"
"2020-07-06","3466","947.419200"
"2020-07-07","3553","900.568800"
"2020-07-08","3555","1264.960800"
"2020-07-09","3443","817.279200"
"2020-07-09","3441","846.777600"
"2020-07-13","3449","1009.886400"
"2020-07-15","3557","1207.699200"
"2020-07-23","3450","2502.158400"
"2020-07-29","3369","1103.587200"
"2020-07-30","3556","1384.689600"
"2020-08-11","3582","1273.636800"
"2020-08-14","3567","1056.736800"
"2020-08-14","3562","1042.855200"
"2020-08-14","3584","709.696800"
"2020-08-14","3365","1398.571200"
"2020-08-14","3463","1346.515200"
"2020-08-14","3700","1166.054400"
"2020-08-14","3689","1228.521600"
"2020-08-14","3486","1079.294400"
"2020-08-14","3488","3074.774400"
"2020-08-14","3665","1162.584000"
"2020-08-14","3563","1455.832800"
"2020-08-14","3669","1419.393600"
"2020-08-14","3566","1905.249600"
"2020-08-14","3672","1745.611200"
"2020-08-14","3628","1556.474400"
"2020-08-14","3673","1310.076000"
"2020-08-14","3489","1441.951200"
"2020-08-14","3568","883.216800"
"2020-08-14","3675","1098.381600"
"2020-08-14","3670","1301.400000"
"2020-08-14","3577","1677.938400"
"2020-08-14","3580","1280.577600"
"2020-08-14","3677","1304.870400"
"2020-08-14","3678","1677.938400"
"2020-08-14","3574","1140.026400"
"2020-08-15","3679","1301.400000"
"2020-08-15","3569","1159.113600"
"2020-08-15","3584","709.696800"
"2020-08-15","3491","1313.546400"
"2020-08-15","3401","1140.026400"
"2020-08-15","3572","1048.060800"
"2020-08-15","3630","1344.780000"
"2020-08-15","3490","1533.916800"
"2020-08-15","3576","987.328800"
"2020-08-15","3681","2040.595200"
"2020-08-15","3617","1086.235200"
"2020-08-15","3492","1353.456000"
"2020-08-15","3579","1976.392800"
"2020-08-15","3493","1441.951200"
"2020-08-17","3618","1639.764000"
"2020-08-17","3603","1120.939200"
"2020-08-17","3671","1382.954400"
"2020-08-24","3554","539.647200"
"2020-08-24","3370","1660.586400"
"2020-08-26","3368","2262.700800"
"2020-08-27","3387","1270.166400"
"2020-08-27","3387","1270.166400"
"2020-08-27","3380","1162.584000"
"2020-08-27","3377","1580.767200"
"2020-08-27","3376","1435.010400"
"2020-08-27","3375","1209.434400"
"2020-08-27","3373","1270.166400"
"2020-08-27","3381","1400.306400"
"2020-08-27","3382","1395.100800"
"2020-08-27","3383","1756.022400"
"2020-08-27","3384","1532.181600"
"2020-08-27","3385","2040.595200"
"2020-08-27","3388","1301.400000"
"2020-08-27","3390","1271.901600"
"2020-08-27","3378","2359.872000"
"2020-08-27","3701","1346.515200"
"2020-08-27","3674","966.506400"
"2020-08-27","3625","1231.992000"
"2020-08-27","3364","1270.166400"
"2020-08-30","3462","1301.400000"
"2020-08-30","3458","1349.985600"
"2020-08-30","3374","1353.456000"
"2020-08-30","3372","1374.278400"
"2020-08-31","3504","1533.916800"
"2020-08-31","3505","2555.949600"
"2020-08-31","3503","1480.125600"
"2020-09-02","3558","912.715200"
"2020-09-03","3638","1306.605600"
"2020-09-03","3423","763.488000"
"2020-09-03","3424","1006.416000"
"2020-09-07","3452","1455.832800"
"2020-09-07","3453","1091.440800"
"2020-09-14","3453","983.858400"
"2020-09-14","3452","1509.624000"
"2020-09-14","3442","754.812000"
"2020-09-14","3594","897.098400"
"2020-09-15","3282","2097.856800"
"2020-09-15","3347","1691.820000"
"2020-09-15","3339","1773.374400"
"2020-09-15","3349","1219.845600"
"2020-09-15","3352","530.971200"
"2020-09-15","3305","1815.019200"
"2020-09-15","3572","999.475200"
"2020-09-15","3335","1429.804800"
"2020-09-15","3343","1636.293600"
"2020-09-15","3627","1209.434400"
"2020-09-15","3313","940.478400"
"2020-09-15","3312","1152.172800"
"2020-09-15","3676","1747.346400"
"2020-09-15","3307","2311.286400"
"2020-09-15","3334","1186.876800"
"2020-09-15","3323","1042.855200"
"2020-09-15","3289","1886.162400"
"2020-09-15","3280","957.830400"
"2020-09-15","3309","1015.092000"
"2020-09-15","3279","1046.325600"
"2020-09-15","3277","1317.016800"
"2020-09-15","3298","596.908800"
"2020-09-15","3290","1346.515200"
"2020-09-15","3269","1230.256800"
"2020-09-15","3271","985.593600"
"2020-09-15","3275","1068.883200"
"2020-09-15","3294","1707.436800"
"2020-09-15","3291","1075.824000"
"2020-09-15","3304","1051.531200"
"2020-09-15","3301","1230.256800"
"2020-09-15","3296","952.624800"
"2020-09-15","3310","1296.194400"
"2020-09-15","3281","1023.768000"
"2020-09-15","3278","1174.730400"
"2020-09-15","3387","1290.988800"
"2020-09-15","3283","1126.144800"
"2020-09-15","3288","1058.472000"
"2020-09-15","3273","1509.624000"
"2020-09-15","3328","2977.603200"
"2020-09-15","3347","1691.820000"
"2020-09-15","3292","1323.957600"
"2020-09-15","3270","1249.344000"
"2020-09-15","3293","1950.364800"
"2020-09-15","3348","1690.084800"
"2020-09-15","3274","1455.832800"
"2020-09-15","3339","1702.231200"
"2020-09-15","3300","985.593600"
"2020-09-15","3341","1289.253600"
"2020-09-15","3342","1164.319200"
"2020-09-15","3303","1252.814400"
"2020-09-15","3272","1160.848800"
"2020-09-15","3295","1643.234400"
"2020-09-15","3319","1424.599200"
"2020-09-15","3287","926.596800"
"2020-09-15","3266","1736.935200"
"2020-09-15","3302","1403.776800"
"2020-09-15","3569","1252.814400"
"2020-09-15","3268","1367.337600"
"2020-09-15","3460","1190.347200"
"2020-09-15","3311","1048.060800"
"2020-09-15","3322","1192.082400"
"2020-09-15","3314","883.216800"
"2020-09-15","3329","1240.668000"
"2020-09-15","3351","1098.381600"
"2020-09-15","3276","1058.472000"
"2020-09-15","3346","2097.856800"
"2020-09-15","3321","1651.910400"
"2020-09-15","3351","1051.531200"
"2020-09-15","3326","1377.748800"
"2020-09-15","3308","1835.841600"
"2020-09-15","3306","956.095200"
"2020-09-15","3286","2156.853600"
"2020-09-15","3338","1308.340800"
"2020-09-15","3337","1185.141600"
"2020-09-15","3350","1566.885600"
"2020-09-15","3320","1983.333600"
"2020-09-15","3267","46.850400"
"2020-09-15","3353","461.563200"
"2020-09-17","3316","489.326400"
"2020-09-17","3315","753.076800"
"2020-09-18","3355","274.161600"
"2020-09-18","3354","312.336000"
"2020-09-18","3284","1171.260000"
"2020-09-18","3285","950.889600"
"2020-09-19","3479","605.584800"
"2020-09-19","3562","694.080000"
"2020-09-19","3654","617.731200"
"2020-09-19","3265","485.856000"
"2020-09-19","3293","1841.047200"
"2020-09-19","3309","1015.092000"
"2020-09-20","3261","19.087200"
"2020-09-20","3261","19.087200"
"2020-09-20","3264","12.146400"
"2020-09-20","3256","15.616800"
"2020-09-20","3260","39.909600"
"2020-09-20","3259","85.024800"
"2020-09-20","3257","43.380000"
"2020-09-20","3258","46.850400"
"2020-09-20","3263","34.704000"
"2020-09-22","3246","17.352000"
"2020-09-22","3244","26.028000"
"2020-09-22","3245","43.380000"
"2020-09-22","3243","39.909600"
"2020-09-22","3242","11.278800"
"2020-09-22","3324","36.439200"
"2020-09-22","3325","36.439200"
"2020-09-22","3327","34.704000"
"2020-09-22","3330","22.557600"
"2020-09-22","3331","65.937600"
"2020-09-22","3332","29.498400"
"2020-09-22","3333","34.704000"
"2020-09-22","3336","34.704000"
"2020-09-22","3344","36.439200"
"2020-09-22","3241","27.763200"
"2020-09-22","3340","19.087200"
"2020-09-22","3345","13.881600"
"2020-09-22","3242","12.146400"
"2020-09-22","3240","58.996800"
"2020-09-22","3255","5.205600"
"2020-09-22","3262","3.470400"
"2020-09-22","3249","8.676000"
"2020-09-22","3251","15.616800"
"2020-09-22","3252","26.028000"
"2020-09-22","3250","48.585600"
"2020-09-22","3253","52.056000"
"2020-09-22","3247","12.146400"
"2020-09-23","3324","36.439200"
"2020-09-23","3325","36.439200"
"2020-09-23","3225","58.996800"
"2020-09-23","3333","34.704000"
"2020-09-23","3336","34.704000"
"2020-09-23","3331","65.937600"
"2020-09-23","3227","78.084000"
"2020-09-23","3228","78.084000"
"2020-09-23","3345","13.881600"
"2020-09-23","3340","19.087200"
"2020-09-23","3215","38.174400"
"2020-09-23","3219","31.233600"
"2020-09-23","3218","50.320800"
"2020-09-23","3217","95.436000"
"2020-09-23","3215","43.380000"
"2020-09-23","3221","15.616800"
"2020-09-23","3223","52.056000"
"2020-09-23","3327","34.704000"
"2020-09-23","3222","19.087200"
"2020-09-23","3315","864.129600"
"2020-09-23","3233","41.644800"
"2020-09-23","3214","83.289600"
"2020-09-23","3236","32.968800"
"2020-09-23","3231","65.937600"
"2020-09-23","3285","914.450400"
"2020-09-23","3232","64.202400"
"2020-09-23","3213","83.289600"
"2020-09-23","3212","182.196000"
"2020-09-23","3224","19.087200"
"2020-09-23","3220","19.087200"
"2020-09-23","3241","22.557600"
"2020-09-23","3330","22.557600"
"2020-09-23","3332","29.498400"
"2020-09-27","3197","454.622400"
"2020-09-27","3186","959.565600"
"2020-09-27","3185","1152.172800"
"2020-09-27","3179","1738.670400"
"2020-09-27","3184","1318.752000"
"2020-09-27","3183","1494.007200"
"2020-09-27","3181","1117.468800"
"2020-09-27","3180","924.861600"
"2020-09-27","3199","150.962400"
"2020-09-27","3200","85.024800"
"2020-09-27","3201","52.056000"
"2020-09-27","3205","192.607200"
"2020-09-27","3206","53.791200"
"2020-09-27","3208","34.704000"
"2020-09-27","3207","97.171200"
"2020-09-27","3439","20.822400"
"2020-09-27","3438","43.380000"
"2020-09-27","3437","26.028000"
"2020-09-27","3436","43.380000"
"2020-09-27","3434","79.819200"
"2020-09-27","3178","29.498400"
"2020-09-27","3253","53.791200"
"2020-09-27","3259","85.024800"
"2020-09-27","3255","5.205600"
"2020-09-27","3232","67.672800"
"2020-09-27","3239","67.672800"
"2020-09-27","3237","60.732000"
"2020-09-27","3218","50.320800"
"2020-09-27","3236","32.968800"
"2020-09-27","3264","12.146400"
"2020-09-27","3182","994.269600"
"2020-09-27","3165","117.993600"
"2020-09-27","3219","32.968800"
"2020-09-28","3177","3.470400"
"2020-09-28","3200","85.024800"
"2020-09-28","3238","52.056000"
"2020-09-28","3347","1700.496000"
"2020-09-28","3164","43.380000"
"2020-09-28","3239","67.672800"
"2020-09-29","3150","6.680520"
"2020-09-29","3197","454.622400"
"2020-09-29","3177","3.470400"
"2020-09-29","3162","0.520560"
"2020-09-29","3161","0.867600"
"2020-09-29","3163","10.411200"
"2020-09-29","3159","1.735200"
"2020-09-29","3251","17.352000"
"2020-09-29","3191","26.028000"
"2020-09-29","3160","20.822400"
"2020-09-29","3149","12.493440"
"2020-09-29","3152","15.616800"
"2020-09-29","3151","7.634880"
"2020-09-29","3148","8.328960"
"2020-09-29","3147","16.137360"
"2020-09-29","3146","9.196560"
"2020-09-29","3145","26.028000"
"2020-09-29","3142","9.023040"
"2020-09-29","3141","82.248480"
"2020-09-29","3140","26.028000"
"2020-09-29","3139","68.887440"
"2020-09-29","3143","9.109800"
"2020-09-29","3153","8.328960"
"2020-09-29","3155","15.616800"
"2020-09-29","3156","15.616800"
"2020-09-29","3144","87.627600"
"2020-09-29","3154","38.868480"
"2020-09-30","3242","11.278800"
"2020-09-30","3157","43.796448"
"2020-09-30","3158","20.891808"
"2020-09-30","3209","458.092800"
"2020-09-30","3126","43.796448"
"2020-09-30","3134","15.616800"
"2020-09-30","3136","34.704000"
"2020-09-30","3135","28.717560"
"2020-09-30","3137","78.084000"
"2020-09-30","3125","25.663608"
"2020-09-30","3619","381.744000"
"2020-09-30","3210","366.127200"
"2020-09-30","3138","34.704000"
"2020-09-30","3129","0.867600"
"2020-09-30","3131","0.520560"
"2020-09-30","3132","222.105600"
"2020-09-30","3130","1.457568"
"2020-09-30","3130","1.457568"
"2020-09-30","3242","11.278800"
"2020-10-01","3242","12.146400"
"2020-10-01","3120","537.912000"
"2020-10-01","3242","12.146400"
"2020-10-01","3112","24.292800"
"2020-10-02","3242","12.146400"
"2020-10-02","3097","867.600000"
"2020-10-02","3099","555.264000"
"2020-10-02","3316","619.466400"
"2020-10-02","3249","2.602800"
"2020-10-02","3340","19.087200"
"2020-10-02","3194","15.616800"
"2020-10-02","3123","6.073200"
"2020-10-02","3122","5.205600"
"2020-10-02","3170","10.411200"
"2020-10-02","3124","15.616800"
"2020-10-02","3238","34.704000"
"2020-10-02","3087","736.245360"
"2020-10-02","3088","561.337200"
"2020-10-02","3327","38.174400"
"2020-10-02","3261","20.822400"
"2020-10-02","3332","17.352000"
"2020-10-02","3228","74.613600"
"2020-10-03","3063","659.376000"
"2020-10-03","3537","728.784000"
"2020-10-03","3064","412.977600"
"2020-10-03","3062","74.613600"
"2020-10-03","3061","13.881600"
"2020-10-04","3255","4.511520"
"2020-10-04","3162","1.041120"
"2020-10-04","3161","1.388160"
"2020-10-06","3129","0.867600"
"2020-10-06","2973","1.735200"
"2020-10-06","3122","6.073200"
"2020-10-06","3123","7.808400"
"2020-10-06","2968","7.634880"
"2020-10-06","2971","8.676000"
"2020-10-06","2970","7.287840"
"2020-10-06","2969","6.767280"
"2020-10-06","2972","9.890640"
"2020-10-06","2975","463.298400"
"2020-10-06","3189","90.230400"
"2020-10-06","3188","62.467200"
"2020-10-06","3254","43.380000"
"2020-10-06","3187","64.202400"
"2020-10-06","3257","43.380000"
"2020-10-06","3261","17.352000"
"2020-10-06","3174","17.352000"
"2020-10-06","3173","19.087200"
"2020-10-06","3171","17.352000"
"2020-10-06","3263","26.028000"
"2020-10-06","3036","72.878400"
"2020-10-06","3035","69.408000"
"2020-10-06","3034","36.439200"
"2020-10-06","3033","13.881600"
"2020-10-06","3032","26.028000"
"2020-10-06","3172","10.411200"
"2020-10-06","3170","10.411200"
"2020-10-06","3169","10.411200"
"2020-10-06","3168","5.205600"
"2020-10-06","3167","13.881600"
"2020-10-06","3166","3.470400"
"2020-10-06","3028","13.881600"
"2020-10-06","3124","13.881600"
"2020-10-06","3029","12.146400"
"2020-10-06","3031","15.616800"
"2020-10-06","3030","6.073200"
"2020-10-06","3027","10.411200"
"2020-10-06","3025","15.616800"
"2020-10-06","3024","3.470400"
"2020-10-06","3026","8.676000"
"2020-10-06","3256","19.087200"
"2020-10-06","3227","72.878400"
"2020-10-06","3331","65.937600"
"2020-10-06","3333","34.704000"
"2020-10-06","3327","34.704000"
"2020-10-06","3222","19.087200"
"2020-10-06","3220","19.087200"
"2020-10-06","3023","22.557600"
"2020-10-06","3022","26.028000"
"2020-10-06","3223","52.056000"
"2020-10-06","3345","13.881600"
"2020-10-06","3340","19.087200"
"2020-10-06","3247","12.146400"
"2020-10-06","3246","17.352000"
"2020-10-06","3245","26.028000"
"2020-10-06","3128","1.735200"
"2020-10-06","3131","5.205600"
"2020-10-07","3238","43.380000"
"2020-10-07","3242","12.146400"
"2020-10-07","3232","67.672800"
"2020-10-08","3512","294.984000"
"2020-10-08","2934","43.380000"
"2020-10-08","2934","43.380000"
"2020-10-08","2905","173.520000"
"2020-10-09","3253","52.056000"
"2020-10-09","3095","26.028000"
"2020-10-09","2887","78.084000"
"2020-10-09","3527","697.550400"
"2020-10-10","3242","12.406680"
"2020-10-10","2886","13.014000"
"2020-10-10","2885","46.850400"
"2020-10-10","3164","34.704000"
"2020-10-12","2884","242.928000"
"2020-10-12","2882","208.224000"
"2020-10-12","2883","433.800000"
"2020-10-13","2878","34.704000"
"2020-10-13","2880","17.352000"
"2020-10-13","2879","34.704000"
"2020-10-13","2887","78.084000"
"2020-10-13","2877","43.380000"
"2020-10-13","2876","85.024800"
"2020-10-13","2874","2359.872000"
"2020-10-13","2875","69.408000"
"2020-10-13","2872","34.704000"
"2020-10-13","2873","43.380000"
"2020-10-13","2879","34.704000"
"2020-10-13","3112","20.822400"
"2020-10-13","2871","17.352000"
"2020-10-13","2904","36.439200"
"2020-10-13","3236","32.968800"
"2020-10-13","3125","26.028000"
"2020-10-13","3126","43.796448"
"2020-10-13","3219","32.968800"
"2020-10-13","3218","50.320800"
"2020-10-13","3239","67.672800"
"2020-10-13","3165","119.728800"
"2020-10-13","3136","34.704000"
"2020-10-13","3124","15.616800"
"2020-10-13","2867","0.867600"
"2020-10-13","2867","0.867600"
"2020-10-14","3353","513.619200"
"2020-10-14","3562","1042.855200"
"2020-10-14","3207","102.758544"
"2020-10-14","3205","180.582264"
"2020-10-14","3178","30.921264"
"2020-10-14","3201","51.882480"
"2020-10-14","3200","89.796600"
"2020-10-14","3199","168.609384"
"2020-10-14","3439","25.125696"
"2020-10-14","3438","49.262328"
"2020-10-14","3437","27.763200"
"2020-10-14","3436","45.115200"
"2020-10-14","3206","59.864400"
"2020-10-14","3434","86.760000"
"2020-10-14","3208","38.504088"
"2020-10-14","3508","154.432800"
"2020-10-14","3509","171.784800"
"2020-10-14","3440","805.132800"
"2020-10-14","3507","157.903200"
"2020-10-14","3359","399.096000"
"2020-10-14","3546","277.632000"
"2020-10-14","3497","798.192000"
"2020-10-14","3064","402.566400"
"2020-10-14","3705","1726.524000"
"2020-10-14","3279","1046.325600"
"2020-10-14","3404","1134.820800"
"2020-10-14","3689","1228.521600"
"2020-10-14","3300","985.593600"
"2020-10-14","3098","798.192000"
"2020-10-14","3670","1301.400000"
"2020-10-14","2865","1214.640000"
"2020-10-14","2862","1240.668000"
"2020-10-14","2861","1230.256800"
"2020-10-14","2864","1041.120000"
"2020-10-14","3552","1023.768000"
"2020-10-14","3553","1022.032800"
"2020-10-14","2860","1167.789600"
"2020-10-14","3671","1382.954400"
"2020-10-14","3586","846.777600"
"2020-10-14","3251","13.881600"
"2020-10-15","3198","923.126400"
"2020-10-15","2859","477.180000"
"2020-10-17","2849","52.056000"
"2020-10-17","2848","16.657920"
"2020-10-17","2847","15.443280"
"2020-10-17","2846","24.292800"
"2020-10-17","2845","17.352000"
"2020-10-17","3031","8.676000"
"2020-10-17","2877","43.380000"
"2020-10-17","3251","13.881600"
"2020-10-17","2934","43.380000"
"2020-10-17","2844","52.056000"
"2020-10-17","2876","86.760000"
"2020-10-17","2843","26.028000"
"2020-10-19","2838","1180.109520"
"2020-10-19","3486","1340.147016"
"2020-10-19","2839","1523.054448"
"2020-10-19","2840","967.825152"
"2020-10-19","2841","1341.726048"
"2020-10-19","2842","978.652800"
"2020-10-19","3270","1288.091016"
"2020-10-19","3347","1759.492800"
"2020-10-19","3339","1726.072848"
"2020-10-19","2837","741.520368"
"2020-10-19","2836","1995.480000"
"2020-10-19","2850","1679.673600"
"2020-10-19","3320","1867.075200"
"2020-10-19","2833","2127.945168"
"2020-10-19","2832","1765.271016"
"2020-10-19","2831","1723.053600"
"2020-10-19","2830","1726.524000"
"2020-10-19","2829","2901.827016"
"2020-10-19","2828","1635.148368"
"2020-10-19","2827","1845.090216"
"2020-10-19","2826","2034.227016"
"2020-10-19","2834","1687.187016"
"2020-10-19","3481","664.651008"
"2020-10-19","2821","656.478216"
"2020-10-19","2825","828.280368"
"2020-10-19","2824","1060.415424"
"2020-10-19","2823","730.953000"
"2020-10-19","2820","1205.894592"
"2020-10-19","2816","62.467200"
"2020-10-19","2859","475.444800"
"2020-10-19","2818","2190.395016"
"2020-10-19","3490","1617.883128"
"2020-10-19","3265","739.767816"
"2020-10-19","2812","854.273664"
"2020-10-19","2813","1001.470680"
"2020-10-19","2815","1298.606328"
"2020-10-19","2809","980.960616"
"2020-10-19","2804","1685.260944"
"2020-10-19","2811","965.326464"
"2020-10-19","2805","1157.378400"
"2020-10-19","2810","1295.049168"
"2020-10-19","2819","567.722736"
"2020-10-19","2806","1236.572928"
"2020-10-19","2807","1539.122400"
"2020-10-19","2814","897.688368"
"2020-10-19","2808","1025.902296"
"2020-10-19","2817","1179.103104"
"2020-10-19","2798","857.188800"
"2020-10-19","2802","2248.819200"
"2020-10-19","2803","2082.240000"
"2020-10-19","2800","1075.824000"
"2020-10-19","3271","1072.943568"
"2020-10-19","2801","1145.821968"
"2020-10-19","2799","831.733416"
"2020-10-19","3700","1288.091016"
"2020-10-19","3693","1025.503200"
"2020-10-20","2790","958.403016"
"2020-10-20","2792","1334.438208"
"2020-10-20","2788","1114.588368"
"2020-10-20","2787","1008.723816"
"2020-10-20","2786","873.360864"
"2020-10-20","3266","1601.468136"
"2020-10-20","2785","1816.754400"
"2020-10-20","2784","2115.503784"
"2020-10-20","2783","2411.928000"
"2020-10-20","2782","2197.353168"
"2020-10-20","2781","1262.080368"
"2020-10-20","2780","2136.621168"
"2020-10-20","2791","1605.389688"
"2020-10-20","2797","1218.110400"
"2020-10-20","2759","1265.377248"
"2020-10-20","2779","1180.959768"
"2020-10-20","2777","2034.244368"
"2020-10-20","2778","1466.538984"
"2020-10-20","2775","2370.855816"
"2020-10-20","2774","1314.136368"
"2020-10-20","2773","2607.727968"
"2020-10-20","2772","1473.757416"
"2020-10-20","2771","1074.522600"
"2020-10-20","3614","1037.233152"
"2020-10-20","2770","1669.852368"
"2020-10-20","2769","2055.032064"
"2020-10-20","3305","1678.771296"
"2020-10-20","2768","2471.480064"
"2020-10-20","2767","1000.169280"
"2020-10-20","2765","1262.063016"
"2020-10-20","2766","1024.201800"
"2020-10-20","2764","3322.283328"
"2020-10-20","2762","939.315816"
"2020-10-20","2763","1798.257168"
"2020-10-20","2761","899.336808"
"2020-10-20","2776","956.095200"
"2020-10-20","2760","1166.054400"
"2020-10-20","2758","1437.318216"
"2020-10-20","2856","688.041504"
"2020-10-20","2855","828.783576"
"2020-10-20","2854","854.933040"
"2020-10-20","2853","864.129600"
"2020-10-20","2754","783.737784"
"2020-10-20","3198","992.985552"
"2020-10-20","3516","588.232800"
"2020-10-20","3284","1118.214936"
"2020-10-20","2858","541.122120"
"2020-10-20","2857","653.649840"
"2020-10-20","2852","894.270024"
"2020-10-20","2755","1013.426208"
"2020-10-20","2757","992.534400"
"2020-10-20","2753","1128.452616"
"2020-10-20","2756","1183.996368"
"2020-10-20","2752","19.087200"
"2020-10-21","2747","904.629168"
"2020-10-21","2729","1249.586928"
"2020-10-21","2744","937.268280"
"2020-10-21","2745","1124.600472"
"2020-10-21","2748","1998.950400"
"2020-10-21","2743","1291.561416"
"2020-10-21","2750","1216.618128"
"2020-10-21","3292","1162.584000"
"2020-10-21","2851","1587.517128"
"2020-10-21","2740","1251.513000"
"2020-10-21","2741","1237.700808"
"2020-10-21","2742","1355.191200"
"2020-10-21","2739","1296.767016"
"2020-10-21","2753","1130.187816"
"2020-10-21","2746","1041.536448"
"2020-10-21","3255","4.338000"
"2020-10-21","3161","1.388160"
"2020-10-21","2717","1768.324968"
"2020-10-21","2756","1153.717128"
"2020-10-21","2733","1652.500368"
"2020-10-21","2727","1583.838504"
"2020-10-21","2728","1174.799808"
"2020-10-21","2730","2200.233600"
"2020-10-21","2732","869.907816"
"2020-10-21","2735","1201.348368"
"2020-10-21","2738","1277.697168"
"2020-10-21","2736","1691.820000"
"2020-10-21","2737","1127.880000"
"2020-10-21","2751","1677.938400"
"2020-10-21","2719","1388.160000"
"2020-10-21","2721","1344.780000"
"2020-10-21","2725","1736.935200"
"2020-10-21","3471","1893.658464"
"2020-10-21","3574","1037.649600"
"2020-10-21","2722","1407.837168"
"2020-10-21","3387","1056.476520"
"2020-10-21","2723","1111.291488"
"2020-10-21","2726","774.489168"
"2020-10-22","2718","2102.108040"
"2020-10-22","2789","888.422400"
"2020-10-22","3242","12.406680"
"2020-10-22","2690","1739.260368"
"2020-10-22","2685","3.470400"
"2020-10-22","2684","3.470400"
"2020-10-22","2681","6.073200"
"2020-10-23","2710","1331.471016"
"2020-10-23","2711","1258.592616"
"2020-10-23","3291","1470.200256"
"2020-10-23","3343","1433.709000"
"2020-10-23","2693","604.422216"
"2020-10-23","2695","750.196368"
"2020-10-23","2698","1046.828808"
"2020-10-23","3278","1092.013416"
"2020-10-23","2700","783.165168"
"2020-10-23","2691","669.856608"
"2020-10-23","2699","1126.578600"
"2020-10-23","2702","987.346152"
"2020-10-23","2709","913.287816"
"2020-10-23","2713","1282.989528"
"2020-10-23","2694","698.140368"
"2020-10-23","2703","1509.606648"
"2020-10-23","3282","1735.200000"
"2020-10-23","2712","1148.962680"
"2020-10-23","2696","941.276592"
"2020-10-23","2697","692.778600"
"2020-10-23","2705","1816.754400"
"2020-10-23","2687","1600.427016"
"2020-10-23","2706","1686.423528"
"2020-10-23","2707","1496.315016"
"2020-10-23","3568","901.748736"
"2020-10-23","2682","914.450400"
"2020-10-23","3293","1591.751016"
"2020-10-23","2708","1068.883200"
"2020-10-23","2692","2127.008160"
"2020-10-23","2714","1186.009200"
"2020-10-23","2686","2137.766400"
"2020-10-23","3563","1362.132000"
"2020-10-23","2683","1686.614400"
"2020-10-23","2701","1290.988800"
"2020-10-23","2689","1298.606328"
"2020-10-23","3463","1093.176000"
"2020-10-23","3572","1044.590400"
"2020-10-23","2688","1072.353600"
"2020-10-23","2704","2238.408000"
"2020-10-23","2674","6.073200"
"2020-10-23","3026","8.676000"
"2020-10-23","2672","39.909600"
"2020-10-23","2673","15.616800"
"2020-10-23","2670","7.808400"
"2020-10-23","2671","7.808400"
"2020-10-23","2676","20.822400"
"2020-10-23","2675","19.087200"
"2020-10-23","2731","963.608616"
"2020-10-23","2667","1373.133168"
"2020-10-23","2668","1410.787008"
"2020-10-23","2669","2423.900880"
"2020-10-23","3569","1249.344000"
"2020-10-24","2643","26.028000"
"2020-10-24","2663","34.704000"
"2020-10-24","2662","43.380000"
"2020-10-24","2661","43.380000"
"2020-10-24","2659","39.909600"
"2020-10-24","2660","39.909600"
"2020-10-24","2657","31.233600"
"2020-10-24","2658","31.233600"
"2020-10-24","3095","26.028000"
"2020-10-24","2656","24.292800"
"2020-10-24","2680","13.881600"
"2020-10-24","2679","19.087200"
"2020-10-24","2678","19.087200"
"2020-10-24","2655","24.292800"
"2020-10-24","2642","26.028000"
"2020-10-24","2665","34.704000"
"2020-10-24","2664","34.704000"
"2020-10-24","2652","27.763200"
"2020-10-24","3096","34.704000"
"2020-10-24","2654","34.704000"
"2020-10-24","2653","48.585600"
"2020-10-24","2651","24.292800"
"2020-10-24","2650","36.439200"
"2020-10-24","2649","34.704000"
"2020-10-24","2648","34.704000"
"2020-10-24","2647","29.498400"
"2020-10-24","2646","34.704000"
"2020-10-24","2645","34.704000"
"2020-10-24","2644","39.909600"
"2020-10-24","2888","48.585600"
"2020-10-24","2859","475.444800"
"2020-10-24","2641","1375.770672"
"2020-10-24","2635","1375.770672"
"2020-10-24","2637","1195.049592"
"2020-10-24","2640","870.046632"
"2020-10-24","2639","698.435352"
"2020-10-24","2636","1290.728520"
"2020-10-24","2638","1034.057736"
"2020-10-26","2751","1677.938400"
"2020-10-26","2736","1209.434400"
"2020-10-26","2634","1210.007016"
"2020-10-26","3680","1480.715568"
"2020-10-26","2631","2027.268864"
"2020-10-26","2633","1676.203200"
"2020-10-26","2663","34.704000"
"2020-10-26","2678","19.087200"
"2020-10-26","2630","26.028000"
"2020-10-26","2643","26.028000"
"2020-10-26","2642","26.028000"
"2020-10-26","2629","43.380000"
"2020-10-26","2628","45.115200"
"2020-10-26","2627","48.585600"
"2020-10-26","2626","34.704000"
"2020-10-26","2625","34.704000"
"2020-10-26","2665","34.704000"
"2020-10-26","2661","43.380000"
"2020-10-26","2659","39.909600"
"2020-10-26","2660","39.909600"
"2020-10-26","2657","31.233600"
"2020-10-26","2658","31.233600"
"2020-10-26","3095","26.028000"
"2020-10-26","2623","34.704000"
"2020-10-26","3096","34.704000"
"2020-10-26","2654","34.704000"
"2020-10-26","2653","48.585600"
"2020-10-26","2652","27.763200"
"2020-10-26","2650","36.439200"
"2020-10-26","2649","34.704000"
"2020-10-26","2648","34.704000"
"2020-10-26","2647","29.498400"
"2020-10-26","2624","38.174400"
"2020-08-17","3603","1120.939200"
"2020-10-26","2615","26.028000"
"2020-10-26","2618","24.292800"
"2020-10-26","2619","6.940800"
"2020-10-26","2621","5.205600"
"2020-10-26","2620","6.940800"
"2020-10-26","2617","43.380000"
"2020-10-26","2622","5.205600"
"2020-10-26","2614","1509.624000"
"2020-10-26","2715","2282.030928"
"2020-10-26","2867","0.867600"
"2020-10-26","2612","549.988992"
"2020-10-26","2611","549.988992"
"2020-10-26","2613","1711.063368"
"2020-10-27","2604","24.969528"
"2020-10-27","2605","26.357688"
"2020-10-27","3130","1.457568"
"2020-10-27","2599","1.041120"
"2020-10-28","2601","719.500680"
"2020-10-28","2600","1029.563568"
"2019-08-28","3593","1410.717600"
"2020-10-28","2597","451.152000"
"2020-10-28","2598","7.808400"
"2020-10-28","2595","582.020784"
"2020-10-28","2596","736.071840"
"2020-10-28","3135","38.174400"
"2020-10-28","2594","55.526400"
"2020-10-27","2593","147.492000"
"2020-10-29","2612","549.988992"
"2020-10-29","2611","549.988992"
"2020-10-29","2613","1711.063368"
"2020-10-29","2592","1495.742400"
"2020-10-28","3165","104.112000"
"2020-10-30","2591","91.965600"
"2020-10-31","3360","327.119904"
"2020-10-31","3359","432.030096"
"2020-10-31","2589","345.634488"
"2020-10-31","3209","370.534608"
"2020-10-31","2590","303.434424"
"2020-10-31","3020","38.174400"
"2020-10-31","3019","38.174400"
"2020-10-31","2654","34.704000"
"2020-11-02","2588","6.073200"
"2020-10-31","2587","954.360000"
"2020-11-02","2859","475.444800"
"2020-11-04","2867","0.867600"
"2020-11-04","2867","0.867600"
"2020-11-04","2585","173.520000"
"2020-11-04","3507","157.903200"
"2020-11-04","3252","26.028000"
"2020-11-04","3330","22.557600"
"2020-11-04","3324","34.704000"
"2020-11-04","3148","8.328960"
"2020-11-04","2680","13.881600"
"2020-11-04","2651","24.292800"
"2020-11-04","2616","34.704000"
"2020-11-04","3020","38.174400"
"2020-11-04","3019","38.174400"
"2020-11-04","3194","15.616800"
"2020-11-04","3251","13.881600"
"2020-11-04","3152","15.616800"
"2020-11-04","3143","9.109800"
"2020-11-04","3156","15.616800"
"2020-11-04","3153","8.328960"
"2020-11-04","3145","26.028000"
"2020-11-04","3154","15.616800"
"2020-11-04","3139","68.887440"
"2020-11-04","3240","58.996800"
"2020-11-05","3135","41.644800"
"2020-11-06","2577","19.087200"
"2020-11-06","2674","6.073200"
"2020-11-06","2576","6.073200"
"2020-11-06","2676","20.822400"
"2020-11-06","2575","6.073200"
"2020-11-06","2673","13.881600"
"2020-11-07","3239","78.084000"
"2020-11-09","2574","69.408000"
"2020-11-10","2674","6.073200"
"2020-11-10","2576","6.073200"
"2020-11-10","2575","6.073200"
"2020-11-10","2570","35.571600"
"2020-11-10","2569","52.923600"
"2020-11-10","2672","39.909600"
"2020-11-10","2673","13.881600"
"2020-11-10","2676","20.822400"
"2020-11-10","2577","19.087200"
"2020-11-10","2568","19.087200"
"2020-11-10","2567","6.073200"
"2020-11-12","2566","1639.746648"
"2020-11-12","2565","2134.764504"
"2020-11-12","2973","4.338000"
"2020-11-12","3131","1.301400"
"2020-11-12","3129","2.776320"
"2020-11-13","2966","245.791080"
"2020-11-13","2564","53.791200"
"2020-11-13","3526","166.579200"
"2020-11-13","2967","274.682160"
"2020-11-13","3510","224.101080"
"2020-11-13","2859","475.444800"
"2020-10-13","3315","858.924000"
"2020-11-13","2561","304.909344"
"2020-11-13","2562","973.447200"
"2020-11-13","2563","973.447200"
"2020-11-14","2560","17.352000"
"2020-11-15","3219","34.704000"
"2020-11-15","2559","88.495200"
"2020-11-16","2557","9.925344"
"2020-11-16","2555","1.127880"
"2020-11-16","2556","1.474920"
"2020-11-17","2553","20.822400"
"2020-11-17","2567","6.073200"
"2020-11-17","2552","2.082240"
"2020-11-17","3284","1163.833344"
"2020-11-17","3516","585.872928"
"2020-11-17","3253","51.639552"
"2020-11-18","2558","86.760000"
"2020-11-18","3176","8.676000"
"2020-11-18","2551","902.304000"
"2020-11-18","2527","46.850400"
"2020-11-18","3173","20.822400"
"2020-11-18","2523","13.881600"
"2020-11-17","2545","940.721328"
"2020-11-17","2544","1124.322840"
"2020-11-17","2543","638.310672"
"2020-11-17","2550","633.851208"
"2020-11-17","2541","1048.564008"
"2020-11-17","2540","2362.821840"
"2020-11-17","2539","2274.604272"
"2020-11-17","2538","1509.381072"
"2020-11-17","2536","1183.094064"
"2020-11-17","2535","771.921072"
"2020-11-17","2522","1344.554424"
"2020-11-17","2534","1265.776344"
"2020-11-17","2537","1085.124672"
"2020-11-17","2533","1339.331472"
"2020-11-17","2532","1114.518960"
"2020-11-17","2531","1226.786400"
"2020-11-17","2530","1089.480024"
"2020-11-17","2529","1302.822864"
"2020-11-17","2528","909.001872"
"2020-11-17","2526","1223.073072"
"2020-11-17","2525","978.409872"
"2020-11-17","2524","1526.646312"
"2020-11-17","2549","1166.522904"
"2020-11-17","2548","1053.040824"
"2020-11-17","2547","1316.773872"
"2020-11-17","2546","1031.003784"
"2020-11-17","3694","940.235472"
"2020-11-17","2721","1115.490672"
"2020-11-17","2542","1066.922424"
"2020-11-17","3335","1604.834424"
"2020-11-17","3381","1463.936184"
"2020-11-17","3265","725.070672"
"2020-11-17","3271","954.134424"
"2020-11-17","3339","1674.468000"
"2020-11-17","3349","1197.288000"
"2020-11-17","2548","1135.445472"
"2020-11-19","2659","39.909600"
"2020-11-19","2520","1100.116800"
"2020-11-19","2521","912.715200"
"2020-11-19","2611","562.204800"
"2020-11-19","2612","562.204800"
"2020-11-17","2718","2273.112000"
"2020-11-20","3238","65.937600"
"2020-11-20","3239","78.084000"
"2020-11-20","2567","6.073200"
"2020-11-21","2518","1388.160000"
"2020-11-21","2519","1023.768000"
"2020-11-21","3038","13.881600"
"2020-11-21","2517","128.404800"
"2020-11-21","2516","1006.416000"
"2020-11-23","2515","355.716000"
"2020-11-23","3221","13.708080"
"2020-11-23","2514","594.306000"
"2020-11-22","2513","475.444800"
"2020-11-23","3164","41.644800"
"2020-11-23","2512","90.230400"
"2020-11-23","2527","46.850400"
"2020-11-23","2511","60.732000"
"2020-11-24","2507","13.881600"
"2020-11-24","2508","22.557600"
"2020-11-24","2504","11.278800"
"2020-11-24","2558","84.504240"
"2020-11-24","3516","572.616000"
"2020-11-19","2505","401.421168"
"2020-11-23","2512","91.497096"
"2020-11-25","3232","60.732000"
"2020-11-25","2501","6814.633608"
"2020-11-25","2500","2.602800"
"2020-11-26","3256","17.352000"
"2020-11-26","2499","17.352000"
"2020-11-27","3242","12.406680"
"2020-11-27","3021","12.406680"
"2020-11-27","2946","12.406680"
"2020-11-27","2680","13.881600"
"2020-11-27","2582","24.292800"
"2020-11-27","2581","24.292800"
"2020-11-27","2649","34.704000"
"2020-11-27","2583","24.292800"
"2020-11-27","3124","15.616800"
"2020-11-27","2498","10.411200"
"2020-11-27","3170","10.411200"
"2020-11-27","3176","8.676000"
"2020-11-27","3134","15.616800"
"2020-11-27","2678","19.087200"
"2020-11-27","3195","10.411200"
"2020-11-27","2497","34.704000"
"2020-11-27","2486","1336.104000"
"2020-11-27","2489","13.881600"
"2020-11-27","2487","13.881600"
"2020-11-27","2488","13.881600"
"2020-11-27","2490","34.704000"
"2020-11-27","2491","85.024800"
"2020-11-27","2492","26.028000"
"2020-11-28","2485","345.304800"
"2020-11-28","3039","8.676000"
"2020-11-28","2492","26.028000"
"2020-11-28","2482","55.526400"
"2020-11-28","2491","85.024800"
"2020-11-28","2490","34.704000"
"2020-11-28","2483","48.585600"
"2020-11-28","2484","50.320800"
"2020-11-30","3242","12.406680"
"2020-11-30","2481","4.338000"
"2020-11-30","2588","6.073200"
"2020-11-30","3127","13.881600"
"2020-11-30","2599","1.041120"
"2020-11-30","2681","6.073200"
"2020-11-30","3177","2.602800"
"2020-11-30","3128","1.214640"
"2020-12-01","2480","208.224000"
"2020-11-30","2478","8.676000"
"2020-11-30","2479","12.146400"
"2020-11-30","2477","17.352000"
"2020-11-30","3122","5.205600"
"2020-11-30","2476","5.205600"
"2020-11-30","2475","7.808400"
"2020-11-30","2474","12.146400"
"2020-11-30","3249","6.073200"
"2020-11-30","2886","13.014000"
"2020-11-30","3256","17.352000"
"2020-11-30","3333","34.704000"
"2020-11-30","3336","34.704000"
"2020-11-30","3507","157.903200"
"2020-11-30","3261","17.352000"
"2020-11-30","3340","19.087200"
"2020-12-02","2506","846.777600"
"2020-11-30","3240","58.996800"
"2020-11-30","2471","2.602800"
"2020-11-30","2470","4.338000"
"2020-11-30","2469","13.881600"
"2020-11-30","2467","6.073200"
"2020-11-30","2472","95.436000"
"2020-11-30","2473","16.831440"
"2020-11-30","2466","3.470400"
"2020-12-02","2464","5.032080"
"2020-12-02","2463","31.233600"
"2020-12-02","2569","53.791200"
"2020-12-02","2570","36.439200"
"2020-12-02","2462","182.196000"
"2020-12-03","2461","78.084000"
"2020-12-03","3548","881.481600"
"2020-12-03","3177","2.429280"
"2020-12-04","2459","171.784800"
"2020-12-04","2444","69.408000"
"2020-12-04","2445","190.872000"
"2020-12-05","2428","727.048800"
"2020-12-05","2429","680.198400"
"2020-12-07","3239","71.143200"
"2020-12-07","3239","74.613600"
"2020-12-07","2397","27.763200"
"2020-12-07","2396","208.224000"
"2020-12-07","2859","475.444800"
"2020-12-09","3092","340.099200"
"2020-12-09","2886","13.014000"
"2020-12-09","2395","902.304000"
"2020-12-09","3549","169.702560"
"2020-12-09","3546","223.146720"
"2020-12-09","2966","238.590000"
"2020-12-09","2387","34.009920"
"2020-12-09","3254","41.297760"
"2020-12-09","3252","23.598720"
"2020-12-09","3258","44.247600"
"2020-12-09","2388","8.849520"
"2020-12-09","3263","32.448240"
"2020-12-09","3033","13.187520"
"2020-12-09","3032","23.598720"
"2020-12-09","3285","941.241888"
"2020-12-09","3284","1158.280704"
"2020-12-09","3521","388.858320"
"2020-12-10","2385","69.408000"
"2020-12-10","2386","244.663200"
"2020-12-10","3524","371.922768"
"2020-12-10","3238","60.732000"
"2020-12-10","3239","71.143200"
"2020-12-10","2567","6.073200"
"2020-12-11","3510","215.164800"
"2020-11-17","2712","1290.988800"
"2020-12-11","2384","1584.237600"
"2020-12-12","2867","0.867600"
"2020-12-12","2567","6.073200"
"2020-12-12","2383","3076.613712"
"2020-12-12","2479","12.146400"
"2020-12-14","2466","3.470400"
"2020-12-13","3403","1193.088816"
"2020-12-14","2382","20.822400"
"2020-12-13","2381","3109.478400"
"2020-12-15","2380","109.317600"
"2020-12-15","2379","86.760000"
"2020-12-15","2511","60.732000"
"2020-12-15","2473","16.831440"
"2020-12-16","3526","161.373600"
"2020-12-16","2378","41.297760"
"2020-12-16","2392","1429.804800"
"2020-12-17","3285","953.822088"
"2020-12-17","2392","1460.726064"
"2020-12-17","3253","51.292512"
"2020-12-17","3516","615.996000"
"2020-12-17","2377","13.881600"
"2020-12-17","2489","13.881600"
"2020-12-17","2487","13.881600"
"2020-12-17","2488","13.881600"
"2020-12-17","2904","15.408576"
"2020-12-18","3128","1.214640"
"2020-12-18","3239","72.878400"
"2020-12-18","2375","113.377968"
"2020-12-21","2374","22.557600"
"2020-12-21","2672","41.644800"
"2020-12-21","2577","20.822400"
"2020-12-21","2670","7.808400"
"2020-12-21","2671","7.808400"
"2020-12-21","2373","67.672800"
"2020-12-21","2558","113.655600"
"2020-12-21","3285","891.892800"
"2020-12-21","2392","1448.892000"
"2020-12-21","2867","1.041120"
"2020-12-21","3245","43.380000"
"2020-12-21","3131","2.082240"
"2020-12-21","2371","154.502208"
"2020-12-21","2370","14.749200"
"2020-12-21","3212","164.844000"
"2020-12-21","2372","57.261600"
"2020-12-22","2393","3820.910400"
"2020-12-22","3549","171.784800"
"2020-12-22","3185","1137.753288"
"2020-12-22","2392","1525.240800"
"2020-12-22","2364","62.467200"
"2020-12-22","2475","13.881600"
"2020-12-22","2362","20.822400"
"2020-12-22","2338","780.840000"
"2020-12-22","2337","60.732000"
"2020-12-23","3194","22.557600"
"2020-12-23","2335","126.669600"
"2020-12-23","2336","2.602800"
"2020-12-23","3112","26.028000"
"2020-12-24","2392","1525.240800"
"2020-12-24","2329","15.616800"
"2020-12-24","2330","477.180000"
"2020-12-24","2328","34.704000"
"2020-12-24","2332","17.352000"
"2020-12-24","2333","19.087200"
"2020-12-24","3131","2.082240"
"2020-12-24","2327","626.407200"
"2020-12-24","2325","1214.640000"
"2020-12-24","2326","841.572000"
"2020-12-25","3262","2.602800"
"2020-12-26","2323","9.717120"
"2020-12-26","2322","16.484400"
"2020-12-27","2301","1311.550920"
"2020-12-27","2613","1829.161080"
"2020-12-27","2305","1114.449552"
"2020-12-27","2304","1114.449552"
"2020-12-27","2303","1579.032000"
"2020-12-27","2302","1490.970600"
"2020-12-27","2300","1963.951416"
"2020-12-25","2321","706.226400"
"2020-12-28","3524","376.555752"
"2020-12-28","2392","1561.020624"
"2020-12-29","2299","550.388088"
"2020-12-29","3285","953.822088"
"2020-12-17","2298","754.135272"
"2020-12-30","2319","313.776216"
"2020-12-23","3249","6.073200"
"2020-12-23","3262","2.602800"
"2020-12-29","2296","5674.104000"
"2020-12-29","2297","5640.284952"
"2021-01-04","2859","636.818400"
"2021-01-04","3232","64.202400"
"2021-01-05","3207","114.523200"
"2021-01-05","3205","209.959200"
"2021-01-05","3208","45.115200"
"2021-01-05","3206","67.672800"
"2021-01-05","3265","886.687200"
"2021-01-06","3513","189.136800"
"2021-01-06","3436","45.115200"
"2021-01-06","3178","30.921264"
"2021-01-06","3135","38.174400"
"2021-01-06","2648","34.704000"
"2021-01-06","3165","119.728800"
"2021-01-06","3164","34.704000"
"2021-01-06","3232","67.672800"
"2020-12-31","2295","1433.483424"
"2021-01-07","2316","353.390832"
"2021-01-07","2324","252.853344"
"2021-01-07","3285","953.822088"
"2021-01-08","2287","7.634880"
"2021-01-10","3239","72.878400"
"2021-01-11","3029","16.137360"
"2021-01-11","2284","16.137360"
"2021-01-11","2283","22.123800"
"2021-01-11","2280","14.749200"
"2021-01-11","2281","14.749200"
"2021-01-11","2282","22.123800"
"2021-01-11","2594","55.526400"
"2021-01-11","3135","36.439200"
"2021-01-11","3131","1.214640"
"2021-01-11","3129","2.082240"
"2021-01-11","2513","539.647200"
"2021-01-11","2279","1211.690160"
"2021-01-11","2275","1215.438192"
"2021-01-11","2274","625.834584"
"2021-01-11","2273","1807.037280"
"2021-01-11","2638","1292.394312"
"2021-01-11","2276","1196.194824"
"2021-01-11","2301","1289.201544"
"2021-01-11","2278","1895.306904"
"2021-01-11","2277","2050.850232"
"2021-01-11","2291","1678.840704"
"2021-01-11","3243","42.842088"
"2021-01-11","3285","953.822088"
"2021-01-12","2269","8.676000"
"2021-01-12","2268","8.676000"
"2021-01-12","2270","4.858560"
"2021-01-12","3209","327.432240"
"2021-01-12","2267","270.864720"
"2021-01-12","2266","379.679112"
"2021-01-12","2264","218.878128"
"2021-01-12","2265","425.124000"
"2021-01-12","2287","7.634880"
"2021-01-13","2336","2.602800"
"2021-01-13","2552","1.388160"
"2020-12-26","3103","1744.570080"
"2020-12-26","3059","313.030080"
"2020-12-26","3093","268.782480"
"2020-12-26","3109","723.057840"
"2021-01-13","2257","30.678336"
"2021-01-13","2252","4.615632"
"2021-01-13","2253","11.053224"
"2021-01-13","2254","12.267864"
"2021-01-13","2263","6.784632"
"2021-01-13","2255","13.725432"
"2021-01-13","2262","82.092312"
"2021-01-13","2256","23.321088"
"2021-01-14","2567","6.073200"
"2021-01-15","3521","392.849280"
"2021-01-15","3546","225.402480"
"2021-01-15","2249","631.092240"
"2021-01-15","3533","585.803520"
"2021-01-15","3549","171.784800"
"2021-01-15","2294","591.356160"
"2021-01-15","2250","661.111200"
"2021-01-15","2288","746.136000"
"2021-01-16","2262","82.092312"
"2021-01-17","3207","100.225152"
"2021-01-17","3208","39.753432"
"2021-01-17","3206","61.304616"
"2021-01-17","3205","189.015336"
"2021-01-17","3437","27.763200"
"2021-01-17","3436","48.585600"
"2021-01-17","3434","90.750960"
"2021-01-17","2248","182.196000"
"2021-01-18","2247","2.082240"
"2021-01-18","3453","985.715064"
"2021-01-19","3115","522.121680"
"2021-01-19","3086","471.280320"
"2021-01-19","3060","399.790080"
"2021-01-19","3453","985.715064"
"2021-01-19","3285","953.822088"
"2021-01-19","2241","13.881600"
"2021-01-19","2244","29.498400"
"2021-01-19","2243","29.498400"
"2021-01-19","2242","19.087200"
"2021-01-19","3160","19.087200"
"2021-01-20","2567","6.073200"
"2021-01-20","2867","1.561680"
"2021-01-20","2382","17.352000"
"2021-01-20","2325","1347.365448"
"2021-01-20","2240","60.558480"
"2021-01-20","2316","353.390832"
"2021-01-21","3253","50.615784"
"2021-01-22","3177","2.602800"
"2021-01-22","3255","4.858560"
"2021-01-22","2239","19.087200"
"2021-01-22","2845","19.087200"
"2021-01-22","3062","74.509488"
"2021-01-23","2235","678.740832"
"2021-01-23","2305","1190.676888"
"2021-01-23","2238","969.404184"
"2021-01-23","2237","660.989736"
"2021-01-23","2236","678.740832"
"2021-01-25","2233","1024.375320"
"2021-01-25","2613","1799.471808"
"2021-01-25","2234","992.083248"
"2021-01-25","2304","1137.406248"
"2021-01-25","2305","1137.406248"
"2021-01-25","2519","1041.120000"
"2021-01-25","3514","437.721552"
"2021-01-26","3514","437.721552"
"2021-01-26","2591","100.641600"
"2021-01-27","2231","736.592400"
"2021-01-27","2564","51.708960"
"2021-01-27","2230","2307.885408"
"2021-01-28","2228","1431.540000"
"2021-01-28","2227","22.557600"
"2021-01-28","2239","19.087200"
"2021-01-29","2229","2863.080000"
"2021-01-29","2229","2863.080000"
"2021-01-29","2287","7.634880"
"2021-01-29","2231","764.719992"
"2021-01-29","3165","156.168000"
"2021-01-29","2467","7.808400"
"2021-01-29","3222","39.909600"
"2021-01-29","3333","41.644800"
"2021-01-29","3176","20.822400"
"2021-01-29","3232","95.436000"
"2021-01-29","3231","90.230400"
"2021-01-29","3219","43.380000"
"2021-01-29","2867","3.470400"
"2021-01-29","2555","1.735200"
"2021-01-29","2576","12.146400"
"2021-01-29","2589","433.800000"
"2021-01-29","3443","1041.120000"
"2021-01-29","2612","789.516000"
"2021-01-29","2226","22.557600"
"2021-02-01","2225","998.277912"
"2021-02-02","2223","973.343088"
"2021-02-02","2681","6.940800"
"2021-02-02","2227","22.557600"
"2021-02-02","2475","13.881600"
"2021-02-02","2672","41.644800"
"2021-02-03","2845","19.087200"
"2021-02-03","2239","19.087200"
"2021-02-03","2220","105.847200"
"2021-02-03","2219","30.886560"
"2021-02-03","2212","1413.493920"
"2021-02-04","2190","1118.284344"
"2021-02-04","2193","1065.707784"
"2021-02-04","2183","187.401600"
"2021-02-04","3359","432.064800"
"2021-02-04","3359","432.064800"
"2021-02-05","2316","342.007920"
"2021-02-05","3218","50.320800"
"2021-02-04","2214","1509.780168"
"2021-02-04","2216","1313.806680"
"2021-02-04","2215","1201.868928"
"2021-02-04","2217","959.565600"
"2021-02-04","2218","1077.698016"
"2021-02-04","3386","1133.970552"
"2021-02-04","2213","1199.179368"
"2021-02-04","2169","1265.116968"
"2021-02-04","2168","1618.750728"
"2021-02-04","2164","1228.348080"
"2021-02-04","2522","1370.964168"
"2021-02-04","2251","2254.180968"
"2021-02-04","2166","2552.618016"
"2021-02-04","2167","1207.855368"
"2021-02-04","3681","1771.795368"
"2021-02-04","2743","1710.907200"
"2021-02-04","2533","1459.442016"
"2021-02-05","2178","43.380000"
"2021-02-05","2163","34.704000"
"2021-02-05","2163","34.704000"
"2021-02-04","2209","2002.576968"
"2021-02-04","2211","1596.540168"
"2021-02-04","2210","1588.159152"
"2021-02-04","2180","1754.287200"
"2021-02-04","2814","818.840880"
"2021-02-04","2751","1583.942616"
"2021-02-04","2529","1223.715096"
"2021-02-04","2208","1598.275368"
"2021-02-04","2207","1280.213208"
"2021-02-04","2206","894.964104"
"2021-02-04","2204","805.132800"
"2021-02-05","2162","17.352000"
"2021-02-04","2170","1589.599368"
"2021-02-04","3486","1103.743368"
"2021-02-04","3346","1897.597368"
"2021-02-04","3342","1268.587368"
"2021-02-04","2176","1318.752000"
"2021-02-04","2173","611.050680"
"2021-02-04","2172","1142.386272"
"2021-02-04","2171","1041.120000"
"2021-02-04","2174","1127.880000"
"2021-02-04","2228","1247.764968"
"2021-02-04","2185","2526.902352"
"2021-02-04","2203","1249.500168"
"2021-02-04","2202","1289.253600"
"2021-02-04","3270","1351.876968"
"2021-02-04","2205","1178.356968"
"2021-02-04","2196","1247.764968"
"2021-02-04","2188","918.076968"
"2021-02-04","2195","980.388000"
"2021-02-04","2187","989.931600"
"2021-02-04","2186","900.724968"
"2021-02-04","2198","1075.980168"
"2021-02-04","3562","985.749768"
"2021-02-04","2201","1006.572168"
"2021-02-04","2200","924.861600"
"2021-02-04","3279","956.424888"
"2021-02-04","2189","791.407368"
"2021-02-04","2181","1511.515368"
"2021-02-04","2177","874.696968"
"2021-02-04","2203","1249.500168"
"2021-02-04","2199","867.756168"
"2021-02-04","2194","761.561928"
"2021-02-04","3562","986.478552"
"2021-02-04","2182","1180.126872"
"2021-02-04","2191","1097.062848"
"2021-02-04","2184","1509.624000"
"2021-02-04","2161","1179.936000"
"2021-02-06","2159","2889.108000"
"2021-02-08","2256","23.043456"
"2021-02-08","3242","12.406680"
"2021-02-09","2158","633.348000"
"2021-02-09","2329","29.498400"
"2021-02-09","2976","10.411200"
"2021-02-09","3164","34.704000"
"2021-02-09","2284","16.137360"
"2021-02-09","2157","7.791048"
"2021-01-20","2156","1258.540560"
"2021-01-25","2156","1214.640000"
"2021-02-09","2154","86.760000"
"2021-02-09","2155","199.548000"
"2021-02-10","2123","109.317600"
"2021-02-10","2126","12.146400"
"2021-02-10","2124","20.822400"
"2021-02-11","2110","326.217600"
"2021-02-11","2111","206.488800"
"2021-02-11","2364","62.467200"
"2021-02-11","2362","20.822400"
"2021-02-11","2288","1110.528000"
"2021-02-12","2123","109.317600"
"2021-02-12","2643","48.585600"
"2021-02-12","2109","1112.263200"
"2021-02-12","2107","747.871200"
"2021-02-12","2613","1657.116000"
"2021-02-12","2108","947.419200"
"2021-02-12","2105","997.740000"
"2021-02-12","2104","104.112000"
"2021-02-15","2110","326.217600"
"2021-02-15","2103","33.350544"
"2021-02-15","2255","13.534560"
"2021-02-15","2257","29.498400"
"2021-02-15","2102","562.534488"
"2021-02-15","2681","6.940800"
"2021-02-15","2390","2549.789640"
"2021-02-16","2098","1643.234400"
"2021-02-16","2088","1469.714400"
"2021-02-16","2076","1539.122400"
"2021-02-16","2095","1452.362400"
"2021-02-16","2078","1192.082400"
"2021-02-16","2099","1539.122400"
"2021-02-16","2089","1192.082400"
"2021-02-16","2093","1469.714400"
"2021-02-16","2067","1105.322400"
"2021-02-16","2094","1487.066400"
"2021-02-16","2097","1192.082400"
"2021-02-16","2073","1192.082400"
"2021-02-16","2090","1539.122400"
"2021-02-16","2092","1539.122400"
"2021-02-16","2100","1400.306400"
"2021-02-16","2091","1313.546400"
"2021-02-16","2096","1400.306400"
"2021-02-16","2077","1365.602400"
"2021-02-16","2080","1365.602400"
"2021-02-16","2066","1625.882400"
"2021-02-16","2101","1801.137600"
"2021-02-17","2070","924.306336"
"2021-02-17","2072","1013.356800"
"2021-02-17","2071","1343.044800"
"2021-02-17","3339","1650.175200"
"2021-02-17","2214","1539.122400"
"2021-02-17","3630","1310.058648"
"2021-02-17","2218","687.139200"
"2021-02-17","2217","943.948800"
"2021-02-17","2068","777.369600"
"2021-02-17","2069","1579.032000"
"2021-02-17","2065","524.724480"
"2021-02-18","2249","629.426448"
"2021-02-18","2287","7.634880"
"2021-02-20","2316","348.671088"
"2021-02-20","2063","2446.632000"
"2021-02-20","3112","31.233600"
"2021-02-20","2061","43.380000"
"2021-02-20","2676","20.822400"
"2021-02-20","2062","170.049600"
"2021-02-21","2060","1344.623832"
"2021-02-22","2058","104.216112"
"2021-02-22","2059","104.216112"
"2021-02-22","2056","75.932352"
"2021-02-22","2564","51.726312"
"2021-02-22","2057","104.216112"
"2021-02-24","2225","996.403896"
"2021-02-26","3207","101.821536"
"2021-02-27","2052","1002.945600"
"2021-02-27","2051","950.889600"
"2021-02-27","2053","1263.225600"
"2021-02-27","2050","1002.945600"
"2021-02-27","2054","1037.649600"
"2021-03-01","2967","279.072216"
"2021-03-02","2048","6.246720"
"2021-03-02","2049","5.205600"
"2021-03-02","2676","20.822400"
"2021-03-02","3165","107.582400"
"2021-03-02","3218","45.115200"
"2021-03-02","2042","104.112000"
"2021-03-03","2041","112.788000"
"2021-03-02","2047","227.311200"
"2021-03-02","2043","159.638400"
"2021-03-02","2044","156.168000"
"2021-03-02","2045","274.161600"
"2021-03-02","2046","227.311200"
"2021-03-03","2039","540.254520"
"2021-03-03","2234","950.316984"
"2021-03-03","2040","950.316984"
"2021-03-03","2126","12.146400"
"2021-03-03","2362","20.822400"
"2021-03-04","2227","22.557600"
"2021-03-04","2324","250.614936"
"2021-03-04","2722","1774.242000"
"2021-03-05","2035","31.303008"
"2021-03-05","2034","8.676000"
"2021-03-09","2038","56.185776"
"2021-03-09","2037","77.459328"
"2021-03-09","2036","101.752128"
"2021-03-09","2287","7.634880"
"2021-03-05","2225","1010.216088"
"2021-03-09","2245","78.951600"
"2021-03-09","3131","1.735200"
"2021-03-09","2033","19.087200"
"2021-03-10","3130","1.388160"
"2021-03-11","3130","1.388160"
"2021-03-11","2569","55.526400"
"2021-03-11","2030","39.909600"
"2021-03-11","3137","93.700800"
"2021-03-13","2527","43.380000"
"2021-03-13","2227","22.557600"
"2021-03-13","2672","45.115200"
"2021-03-13","2014","43.380000"
"2021-03-15","2325","1283.336568"
"2021-03-15","3222","26.808840"
"2021-03-15","3241","26.808840"
"2021-03-15","2265","424.221696"
"2021-03-15","2022","403.451352"
"2021-03-15","2023","424.221696"
"2021-03-15","2024","287.748216"
"2021-03-15","2025","287.748216"
"2021-03-15","2026","378.238896"
"2021-03-15","2266","378.238896"
"2021-03-15","2020","307.043640"
"2021-03-17","3285","895.571424"
"2021-03-17","2567","5.587344"
"2021-03-12","2027","725.174784"
"2021-03-18","3433","306.453672"
"2021-03-18","2013","678.688776"
"2021-03-18","3486","1033.190136"
"2021-03-19","2010","31.771512"
"2021-03-19","2009","28.908432"
"2021-03-19","2008","31.771512"
"2021-03-19","2007","31.771512"
"2021-03-19","2005","36.074808"
"2021-03-19","2004","36.074808"
"2021-03-19","2036","101.769480"
"2021-03-19","2240","60.697296"
"2021-03-19","2324","250.372008"
"2021-03-19","2262","81.016488"
"2021-03-19","2012","31.771512"
"2021-03-19","2011","50.529024"
"2021-03-19","2006","1107.959904"
"2021-03-20","2845","18.219600"
"2021-03-18","2003","294.984000"
"2021-03-24","2002","296.944776"
"2021-03-24","3549","171.472464"
"2021-03-25","3509","173.520000"
"2021-03-28","2559","112.788000"
"2021-03-28","2673","15.616800"
"2021-03-28","1957","21.690000"
"2021-03-28","2577","21.690000"
"2021-03-28","1956","15.616800"
"2021-03-29","1961","111.052800"
"2021-03-29","1990","13.881600"
"2021-03-29","1987","13.881600"
"2021-03-29","1958","26.028000"
"2021-03-29","1972","31.233600"
"2021-03-29","1977","27.763200"
"2021-03-29","1975","31.233600"
"2021-03-29","1969","32.968800"
"2021-03-29","1959","38.174400"
"2021-03-29","1986","24.292800"
"2021-03-29","1981","27.763200"
"2021-03-29","1963","55.526400"
"2021-03-29","1965","24.292800"
"2021-03-29","1971","22.557600"
"2021-03-29","1979","31.233600"
"2021-03-29","1970","31.233600"
"2021-03-29","1978","39.909600"
"2021-03-29","1974","39.909600"
"2021-03-29","1964","60.732000"
"2021-03-29","1968","34.704000"
"2021-03-29","1983","43.380000"
"2021-03-29","1980","32.968800"
"2021-03-29","1962","112.788000"
"2021-03-29","1984","79.819200"
"2021-03-29","1976","62.467200"
"2021-03-29","1960","39.909600"
"2021-03-29","1967","32.968800"
"2021-03-29","1985","36.439200"
"2021-03-29","2123","126.669600"
"2021-03-29","1947","1561.680000"
"2021-03-29","1989","95.436000"
"2021-03-29","1991","17.352000"
"2021-03-29","1948","17.352000"
"2021-03-29","1972","31.233600"
"2021-03-29","1966","31.233600"
"2021-03-29","1944","27.763200"
"2021-03-29","2018","754.812000"
"2021-03-29","3349","1093.176000"
"2021-03-29","2198","980.388000"
"2021-03-29","2016","1249.344000"
"2021-03-29","2015","858.924000"
"2021-03-29","2050","945.684000"
"2021-03-29","2169","1205.894592"
"2021-03-29","1945","1567.302048"
"2021-03-29","3486","1195.448688"
"2021-03-29","3341","1145.214648"
"2021-03-29","2838","945.579888"
"2021-03-29","1955","1677.834288"
"2021-03-29","1949","1164.787704"
"2021-03-29","1950","945.579888"
"2021-03-29","3338","1137.666528"
"2021-03-29","1939","1181.567088"
"2021-03-29","1952","1160.744688"
"2021-03-29","1951","1020.228192"
"2021-03-29","3270","1287.414288"
"2021-03-29","2215","1061.404488"
"2021-03-29","2217","945.579888"
"2021-03-29","1954","1598.969448"
"2021-03-29","1953","1510.387488"
"2021-03-29","1942","1282.208688"
"2021-03-29","3349","1183.406400"
"2021-03-29","3319","1219.637376"
"2021-03-29","2486","1255.399848"
"2021-03-29","1938","1214.535888"
"2021-03-29","1941","1312.071480"
"2021-03-29","1943","1253.300256"
"2021-03-29","1940","1460.431080"
"2021-03-30","1969","32.968800"
"2021-03-30","2039","540.254520"
"2021-03-30","1934","390.420000"
"2021-03-29","1937","1188.507888"
"2021-03-29","1933","173.520000"
"2021-03-30","1932","112.145976"
"2021-03-30","1930","62.467200"
"2021-03-30","1931","31.233600"
"2021-03-31","1935","408.986640"
"2021-03-31","1936","303.937632"
"2021-03-26","1988","1841.793336"
"2021-04-01","1929","1049.796000"
"2021-04-01","1928","932.670000"
"2021-04-02","3131","1.908720"
"2021-04-03","2467","6.940800"
"2021-04-02","2599","0.902304"
"2021-04-04","2285","112.788000"
"2021-04-04","3242","12.406680"
"2021-04-05","3359","420.196032"
"2021-04-05","2289","789.325128"
"2021-04-06","3516","626.546016"
"2021-04-06","2589","344.281032"
"2021-04-06","3232","69.408000"
"2021-04-06","3206","97.171200"
"2021-04-06","3219","43.380000"
"2021-04-06","3239","85.024800"
"2021-04-06","3165","156.168000"
"2021-04-06","1918","1113.998400"
"2021-04-07","1914","15.183000"
"2021-04-07","1913","4.181832"
"2021-04-07","2252","4.615632"
"2021-04-07","2253","10.931760"
"2021-04-07","2254","12.146400"
"2021-04-07","1911","8.502480"
"2021-04-07","1910","8.936280"
"2021-04-07","1912","17.004960"
"2021-04-07","1917","28.856376"
"2021-04-07","2324","240.429312"
"2021-04-07","1915","19.729224"
"2021-04-07","1916","13.656024"
"2021-04-07","1904","43.449408"
"2021-04-07","1909","190.872000"
"2021-04-07","1908","13.187520"
"2021-04-07","1907","8.676000"
"2021-04-07","1906","43.449408"
"2021-04-07","1905","5.205600"
"2021-04-07","1899","0.867600"
"2021-04-07","1900","0.589968"
"2021-04-07","1901","0.520560"
"2021-04-07","1902","1.127880"
"2021-04-07","1903","1.041120"
"2021-04-07","2323","9.717120"
"2021-04-07","2013","678.688776"
"2021-04-07","3437","38.174400"
"2021-04-07","3434","125.472312"
"2021-04-07","3207","104.112000"
"2021-04-07","3436","67.672800"
"2021-04-08","1976","66.128472"
"2021-04-09","3206","64.202400"
"2021-04-09","3208","41.644800"
"2021-04-09","2867","1.162584"
"2021-04-11","1931","31.233600"
"2021-04-11","1959","43.327944"
"2021-04-12","1897","29.828088"
"2021-04-12","1898","448.202160"
"2021-04-13","2374","22.557600"
"2021-03-23","1894","190.872000"
"2021-04-08","1895","268.661016"
"2021-03-15","1892","15.998544"
"2021-03-11","1893","621.236304"
"2021-03-25","1896","1817.795520"
"2021-04-13","1976","66.128472"
"2021-04-13","1959","43.327944"
